-- Tässä tiedostossa on Leffaysi-tietokannan testidataa 

INSERT INTO Profile_ (profilename, hashedpassword, email, profilepicurl, "timestamp", description) VALUES
-- testikäyttäjät id 1-10
-- Viilipytty hashaamaton salasana: oivamato
('Viilipytty', '$2b$10$Os132x/7gfQuEkIpTNvTG.XMrnQG/bOgj4AepLQ5u.wtgfEoTFpf.', 'viilipytty@example.com', NULL, CURRENT_TIMESTAMP, NULL),
-- Jankka hashaamaton salasana: 8D94gvds0
('Jankka', '$2b$10$ZarxfNZO1AYZp9VCg3Zjz.URJxUuZdcve5qd6A9QZQGWYRBln3rgm', 'jankka@example.com', NULL, CURRENT_TIMESTAMP, NULL),
-- komediaa82 hashaamaton salasana: aaidemok
('komediaa82', '$2b$10$9KLQoLOOd9PVGamFgdVoa.CoUDfXClGvAe6CCIW6vhdKbJfBzg89i', 'komediaa82@example.com', NULL, CURRENT_TIMESTAMP, NULL),
-- Eloton hashaamaton salasana: sana5532
('Eloton', '$2b$10$e8MfS6GQLuMWZnGyKowW7udiBNhys3/dH/YIgSbv3Z0MxggXBl9Lm', 'eloton@example.com', NULL, CURRENT_TIMESTAMP, NULL),
-- vainse hashaamaton salasana: rekku6
('vainse', '$2b$10$pYcfW1TE4lORryyRO6FJFOs8bF7m8ClPaXjDG/M/A4FsWVT917iDK', 'vainse@example.com', NULL, CURRENT_TIMESTAMP, NULL),
-- jokaToka hashaamaton salasana: lomakuume#1
('jokaToka', '$2b$10$QGlrHI60xCT1JkERYAYQYuiEuQCJAuaY.w9DVxNo2L6dpHNR2Me4G', 'jokatoka@example.com', NULL, CURRENT_TIMESTAMP, NULL),
-- Mikk0 hashaamaton salasana: VIEROSKAT
('Mikk0', '$2b$10$b9MMw4wALTbPDKXbgZIuJedz.tBhB1AAxBO21UW8gmVn34uvUDOEa', 'mikk0@example.com', NULL, CURRENT_TIMESTAMP, NULL),
-- dramaqueen hashaamaton salasana: unohdettu1010
('dramaqueen', '$2b$10$SlZvRPqkAbEEO99f0gyRXubu/CKlkQo12ayYMyenik1ekELUtCc3W', 'dramaqueen@example.com', NULL, CURRENT_TIMESTAMP, NULL),
-- kauhistus hashaamaton salasana: kauhuleffoja38
('kauhistus', '$2b$10$XrLUGUbR77BVtDPVZ6cLIOsmvltN20QLnzQ5vm8cWQjSPviNrjJiG', 'kauhistus@example.com', NULL, CURRENT_TIMESTAMP, NULL),
-- Jest4s hashaamaton salasana: )3nvds98ETF
('Jest4s', '$2b$10$IwMD52QfxJhT258LxwVNKeGGGDfix8oWApJt9Kd48DOGPhqbxi60K', 'jest4s@example.com', NULL, CURRENT_TIMESTAMP, NULL),
-- testikäyttäjät id 11-20
-- AaveMaria hashaamaton salasana: #mvvdisCORD
('AaveMaria', '$2b$10$FC1jbhISaPnald7BczUTp.myptklA36L0ntNz4fdyedZprQ1X4aWq', 'aavemaria@example.com', NULL, CURRENT_TIMESTAMP, NULL),
-- siippa5 hashaamaton salasana: siipaton000
('siippa5', '$2b$10$is.bNU/5A4MdM9sZV/UdwO6qvMruQrfUbrkql371f9gmUs4TagBHa', 'siippa5@example.com', NULL, CURRENT_TIMESTAMP, NULL),
-- Pastilli hashaamaton salasana: jukujes%
('Pastilli', '$2b$10$3bQI9aUHy9wx2qfulRDdRu94wo.m2RPcswnHNt126onZOwf3W.E3O', 'pastilli@example.com', NULL, CURRENT_TIMESTAMP, NULL),
-- Huutista hashaamaton salasana: xDXDxdXD94
('Huutista', '$2b$10$m1A0mr3RqW.FejzJskU9iuS2SiDqcXpRpX3Da08TleGxP4b3gui8e', 'huutista@example.com', NULL, CURRENT_TIMESTAMP, NULL),
-- salaakaato hashaamaton salasana: tuskaa4=
('salaakaton', '$2b$10$RoF/XQbHpoLG8cm00ll/kuF1SUiLl/Vq0mEBio14./T.CfaGrh.F2', 'salaakaton@example.com', NULL, CURRENT_TIMESTAMP, NULL),
-- Kan-Joni hashaamaton salasana: helppo
('Kan-Joni', '$2b$10$8KeS4n.O2CLpUurqsQMBa.wej5SaNcSVC8XE9hl8uQ0Rj1lZzhN2a', 'kanjoni@example.com', NULL, CURRENT_TIMESTAMP, NULL),
-- poikamies hashaamaton salasana: vielkinEhtis
('poikamies', '$2b$10$MxjsY3EsB25IjGQJsUCpqOClHnsNISN1slbYkhc9zX0.JAhAMPxtO', 'poikamies@example.com', NULL, CURRENT_TIMESTAMP, NULL),
-- Misu01 hashaamaton salasana: 987654321
('Misu01', '$2b$10$NI8.6kt3rXWmTTkb4uNZA.98JFcPnXm.AeLyNgB17V7aNWT.2tTQO', 'misu01@example.com', NULL, CURRENT_TIMESTAMP, NULL),
-- maitotee hashaamaton salasana: EnJuoKahvia
('maitotee', '$2b$10$BHetFB1YNwSCicx/I3YhE.2THqx2zBq1dzYr3enEKk4iSFOReVXuu', 'maitotee@example.com', NULL, CURRENT_TIMESTAMP, NULL),
-- lipettiin hashaamaton salasana: somaprinsessa666
('lipettiin', '$2b$10$3IgL5lCJzcjp5HS0AWVcyOveJevU79cd9lNsPFvnWeECqT7YlNBf6', 'lipettiin@example.com', NULL, CURRENT_TIMESTAMP, NULL),
-- testikäyttäjät id 21 - 24
-- Jenna hashaamaton salasana: annejjenna
('Jenna', '$2b$10$DVgyW0Hc4jGIp/31Ck1oc.beiRyrR3DffdOGoFXrvWfShxeq9RjMu', 'jenna@example.com', NULL, CURRENT_TIMESTAMP, NULL),
-- Siilinpieru hashaamaton salasana: hedgehog
('Siilinpieru', '$2b$10$YWfQeOraJww3UCF3Ap0d6Of0bfnRn9uEJYdzuYfpLkAhyR2nyl0KK', 'siilinpieru@example.com', NULL, CURRENT_TIMESTAMP, NULL),
-- PaijaanSUA hashaamaton salasana: byebye??0
('PaijaanSUA', '$2b$10$EOakCcZdU0hk/jxPajsGaeq1SVAJpDn56P6gXL63M3y6aPSruY9rS', 'paijaansua@example.com', NULL, CURRENT_TIMESTAMP, NULL),
-- UUUseri hashaamaton salasana: 123456
('UUUseri', '$2b$10$09CaL5r.JxvCl2rm2F5BBudYNinrgKKqPfcuVGEXJvdJwub0Q06te', 'uuuseri@example.com', NULL, CURRENT_TIMESTAMP, NULL);

UPDATE Profile_
SET description = 
    CASE 
        WHEN profilename = 'Viilipytty' THEN 'Oon elokuvaharrastaja ja rakastan erityisesti komediaelokuvia. Hymyilen aina hyville vitseille ja nauran äänekkäästi lempikohtauksilleni.'
        WHEN profilename = 'Jankka' THEN 'Mitähän tähän nyt kirjottais... no, oon kauhuelokuvien suurkuluttaja, joka ei säikähdä helpolla. Rakastan adrenaliinin kihinää ja jännitystä!'
        WHEN profilename = 'komediaa82' THEN 'Moikka, olen komediaa82! Nimeni kertoo jo kaiken - rakastan komediaelokuvia ja nauran aina makeasti hyville vitseille.'
        WHEN profilename = 'Eloton' THEN 'Tervehdys, olen Eloton! Draamaelokuvien ystävä, joka elää ja hengittää taide-elokuvia. Etsin aina syvällisiä tarinoita ja vangitsevia näyttelijäsuorituksia.'
        WHEN profilename = 'vainse' THEN 'Täällä yksi elokuvaharrastaja, joka rakastaa löytää uusia helmiä valtavasta elokuvatarjonnasta. Olen aina valmis jakamaan suosikkileffojani muiden kanssa!'
        WHEN profilename = 'jokaToka' THEN 'Morjens, olen jokaToka! Katson vähän kaikenlaista ja arvostan monipuolisuutta elokuvissa. Olen avoin uusille elokuvakokemuksille ja yllätyksille!'
        WHEN profilename = 'Mikk0' THEN 'Moro. Oon Mikko. Toimintaelokuvista tykkään. En voi vastustaa jännittäviä toimintakohtauksia. Seuraan aktiivisesti uusimpia elokuvauutisia ja trailereita.'
        WHEN profilename = 'dramaqueen' THEN 'Mä rakastan elokuvien tunnelmallisuutta ja taidokasta näyttelijäntyötä. Nautin erityisesti draamaelokuvien syvällisistä tarinoista ja emotionaalisista kohtauksista.'
        WHEN profilename = 'kauhistus' THEN 'HUI! Kauhuelokuvien intohimoinen harrastaja, joka ei pelkää mennä pimeään. Rakastan jännitystä ja yllättäviä käänteitä!'
        WHEN profilename = 'Jest4s' THEN 'Tervehdys, kulkija. Elokuva-analyytikko ja elokuvakriitikko, joka nauttii elokuvien syvällisestä analysoinnista. Rakastan pureutua elokuvien teemoihin ja symboliikkaan.'
        WHEN profilename = 'AaveMaria' THEN 'Moikka, olen AaveMaria! Mysteerien ja jännityselokuvien fani, joka rakastaa arvoituksellisia tarinoita ja yllättäviä juonenkäänteitä. Olen aina valmiina seikkailuun!'
        WHEN profilename = 'siippa5' THEN 'Hei, olen siippa5! Seikkailujen ja fantasiaelokuvien ystävä, joka rakastaa lumoutua mielikuvituksellisista maailmoista. Etsin aina uusia elokuvaseikkailuja ja unohtumattomia tarinoita!'
        WHEN profilename = 'Pastilli' THEN 'Whiiiiii!!! Visuaalisten elämysten ja tyylikkäiden elokuvien rakastaja. Nautin kauniista kuvista ja elokuvien visuaalisesta toteutuksesta.'
        WHEN profilename = 'Huutista' THEN 'Terve, olen Huutista! :D:D:D :) Elokuvafani, joka etsii jatkuvasti uusia elokuvaelämyksiä ja seuraa aktiivisesti elokuvamaailman tapahtumia. Rakastan elokuvien monimuotoisuutta ja erilaisia genrejä!'
        WHEN profilename = 'salaakaton' THEN 'Hei, olen salaakaton! Rakastan elokuvien tunnelmaa ja hienovaraista kerrontaa. Etsin aina elokuvia, jotka herättävät ajatuksia ja jättävät jäljen.'
        WHEN profilename = 'Kan-Joni' THEN 'Moikka, olen Kan-Joni! Kokenut elokuvafani, joka rakastaa klassisia elokuvia ja elokuvahistoriaa. Olen aina valmiina matkustamaan ajassa taaksepäin elokuvien maailmaan.'
        WHEN profilename = 'poikamies' THEN 'Hei, olen poikamies! Ois kiva lyötää kultsikainaloon. Ja oon romanttisten komedioiden ja draamojen ystävä, joka uskoo rakkauden voimaan. Nautin elokuvista, jotka saavat sydämeni lämpenemään.'
        WHEN profilename = 'Misu01' THEN 'Tervehdys, olen Misu01! Tarinoiden ja henkilöhahmojen ystävä, joka arvostaa elokuvien vaikuttavia tarinoita ja syvällisiä merkityksiä. Etsin aina elokuvia, jotka koskettavat syvältä.'
        WHEN profilename = 'maitotee' THEN 'Moikka, olen maitotee Oulusta! Tunnelmallisten elokuvien ja musiikin rakastaja, joka nauttii elokuvien äänimaailmasta ja tunnelmasta. Rakastan uppoutua elokuvien maailmaan ja nauttia jokaisesta hetkestä.'
        WHEN profilename = 'lipettiin' THEN 'Tässä tämmöinen elokuvaseikkailija, joka rakastaa odottamattomia juonenkäänteitä ja yllätyksiä. Olen aina valmis matkustamaan elokuvien mielikuvituksellisiin maailmoihin!'
        WHEN profilename = 'Jenna' THEN 'Heippa, olen Jenna! Draamaelokuvien fani, joka nauttii elokuvien tunnelmallisista tarinoista ja syvällisistä henkilöhahmoista. Rakastan uppoutua elokuvien maailmaan ja elää mukana jokaisessa hetkessä.'
        WHEN profilename = 'Siilinpieru' THEN 'Morjens. Oon sellanen elokuvien moniottelija, joka nauttii kaikenlaisista elokuvista ja seuraa innokkaasti elokuvamaailman tapahtumia. Rakastan löytää uusia elokuvahelmiä ja jakaa niitä muiden kanssa!'
        WHEN profilename = 'PaijaanSUA' THEN 'Saako silittää? ^^ Olen elokuvien ystävä, joka arvostaa elokuvien monimuotoisuutta ja erilaisia genrejä. Olen aina valmiina löytämään uusia suosikkileffoja ja jakamaan niitä muiden kanssa!'
        WHEN profilename = 'UUUseri' THEN 'Terve, olen UUUseri! Toimintaelokuvien suurkuluttaja, joka rakastaa jännitystä ja adrenaliinin kihinää. Olen aina valmiina seuraamaan uusimpia toimintaelokuvia ja ottamaan vastaan seikkailuja!'
        ELSE 'En ole vielä kertonut itsestäni mitään.'
    END;
    
-- updatella profiilikuvat testikäyttäjille
UPDATE Profile_
SET profilepicurl = 'https://i.postimg.cc/yYYqzpzp/profile1.jpg'
WHERE profileid = '1';

UPDATE Profile_
SET profilepicurl = 'https://i.postimg.cc/ZnbQ4nXv/profile10.jpg'
WHERE profileid = '2';

UPDATE Profile_
SET profilepicurl = 'https://i.postimg.cc/jd8pq6xx/profile2.jpg'
WHERE profileid = '3';

UPDATE Profile_
SET profilepicurl = 'https://i.postimg.cc/zG64KJH4/profile3.jpg'
WHERE profileid = '4';

UPDATE Profile_
SET profilepicurl = 'https://i.postimg.cc/nLmg16vr/profile4.jpg'
WHERE profileid = '5';

UPDATE Profile_
SET profilepicurl = 'https://i.postimg.cc/MT843dDD/profile5.jpg'
WHERE profileid = '6';

UPDATE Profile_
SET profilepicurl = 'https://i.postimg.cc/3r169jDX/profile6.jpg'
WHERE profileid = '7';

UPDATE Profile_
SET profilepicurl = 'https://i.postimg.cc/cCFbHZN9/profile7.jpg'
WHERE profileid = '8';

UPDATE Profile_
SET profilepicurl = 'https://i.postimg.cc/vBLKJf2d/profile8.jpg'
WHERE profileid = '9';

UPDATE Profile_
SET profilepicurl = 'https://i.postimg.cc/526ZXHyw/profile9.jpg'
WHERE profileid = '10';

UPDATE Profile_
SET profilepicurl = 'https://i.postimg.cc/MT843dDD/profile5.jpg'
WHERE profileid = '11';

UPDATE Profile_
SET profilepicurl = 'https://i.postimg.cc/3r169jDX/profile6.jpg'
WHERE profileid = '12';

UPDATE Profile_
SET profilepicurl = 'https://i.postimg.cc/cCFbHZN9/profile7.jpg'
WHERE profileid = '13';

UPDATE Profile_
SET profilepicurl = 'https://i.postimg.cc/vBLKJf2d/profile8.jpg'
WHERE profileid = '14';

UPDATE Profile_
SET profilepicurl = 'https://i.postimg.cc/526ZXHyw/profile9.jpg'
WHERE profileid = '15';

UPDATE Profile_
SET profilepicurl = 'https://i.postimg.cc/yYYqzpzp/profile1.jpg'
WHERE profileid = '16';

UPDATE Profile_
SET profilepicurl = 'https://i.postimg.cc/ZnbQ4nXv/profile10.jpg'
WHERE profileid = '17';

UPDATE Profile_
SET profilepicurl = 'https://i.postimg.cc/jd8pq6xx/profile2.jpg'
WHERE profileid = '18';

UPDATE Profile_
SET profilepicurl = 'https://i.postimg.cc/zG64KJH4/profile3.jpg'
WHERE profileid = '19';

UPDATE Profile_
SET profilepicurl = 'https://i.postimg.cc/nLmg16vr/profile4.jpg'
WHERE profileid = '20';

UPDATE Profile_
SET profilepicurl = 'https://i.postimg.cc/MT843dDD/profile5.jpg'
WHERE profileid = '21';

UPDATE Profile_
SET profilepicurl = 'https://i.postimg.cc/3r169jDX/profile6.jpg'
WHERE profileid = '22';

UPDATE Profile_
SET profilepicurl = 'https://i.postimg.cc/cCFbHZN9/profile7.jpg'
WHERE profileid = '23';

INSERT INTO Group_ (groupname, groupexplanation, "timestamp") VALUES
-- id 1-5
('Ryhmärämä', 'kuvaus', CURRENT_TIMESTAMP),
('komediahullut', 'kuvaus', CURRENT_TIMESTAMP),
('tosimiesklubi', 'kuvaus', CURRENT_TIMESTAMP),
('Stadinrinki', 'kuvaus', CURRENT_TIMESTAMP),
('SOTA-leffat', 'kuvaus', CURRENT_TIMESTAMP),
-- id 6-10
('Draamailijat', 'kuvaus', CURRENT_TIMESTAMP),
('kauhalla kauhuu', 'kuvaus', CURRENT_TIMESTAMP),
('Tampereen seudun leffailijat', 'kuvaus', CURRENT_TIMESTAMP),
('Leffatiistai', 'kuvaus', CURRENT_TIMESTAMP),
('Vain-sarjoja', 'kuvaus', CURRENT_TIMESTAMP),
-- id 11-15
('Suomalaista filmii', 'kuvaus', CURRENT_TIMESTAMP),
('lastenleffat', 'kuvaus', CURRENT_TIMESTAMP),
('Äksönittäret', 'kuvaus', CURRENT_TIMESTAMP),
('Hevosaiheiset elokuvat', 'kuvaus', CURRENT_TIMESTAMP),
('Oulun oikeamieliset', 'kuvaus', CURRENT_TIMESTAMP),
-- id 16
('Kaikenkarvaiset koirat', 'tässä leffaryhmä koirien ystäville. Kaikki koirafilmit sallittuja ja erittäin toivottuja!', CURRENT_TIMESTAMP);

INSERT INTO Memberlist_ (profileid, mainuser, groupid, pending) VALUES
-- Ryhmä Ryhmärämä
('1', 1, '1', 0),
('2', 0, '1', 0),
('3', 0, '1', 0),
('21', 0, '1', 0),
('22', 0, '1', 0),
('23', 0, '1', 0),
-- Ryhmä komediahullut
('4', 1, '2', 0),
('18', 0, '2', 0),
('3', 0, '2', 0),
('17', 0, '2', 0),
('20', 0, '2', 0),
-- Ryhmä tosimiesklubi
('5', 1, '3', 0),
('6', 0, '3', 0),
('11', 0, '3', 0),
('12', 0, '3', 0),
('13', 0, '3', 0),
-- Ryhmä Stadinrinki
('9', 1, '4', 0),
('7', 0, '4', 0),
('2', 0, '4', 0),
('8', 0, '4', 0),
('4', 0, '4', 0),
-- Ryhmä SOTA-leffat
('10', 1, '5', 0),
('15', 1, '5', 0),
('12', 0, '5', 0),
('16', 0, '5', 0),
('5', 0, '5', 0),
-- Ryhmä Draamailijat
('10', 1, '6', 0),
('21', 0, '6', 0),
('3', 0, '6', 0),
-- Ryhmä kauhalla kauhuu
('9', 1, '7', 0),
('14', 0, '7', 0),
('16', 0, '7', 0),
('12', 0, '7', 0),
('21', 0, '7', 0),
-- Ryhmä Tampereen seudun leffailijat
('12', 0, '8', 0),
('23', 1, '8', 0),
('2', 0, '8', 0),
('8', 0, '8', 0),
('7', 0, '8', 0),
-- Ryhmä Leffatiistai
('13', 0, '9', 0),
('10', 1, '9', 0),
('12', 0, '9', 0),
('23', 0, '9', 0),
-- Ryhmä Vain-sarjoja
('7', 1, '10', 0),
('2', 0, '10', 0),
('15', 0, '10', 0),
('10', 0, '10', 0),
-- Ryhmä Suomalaista filmii
('16', 0, '11', 0),
('18', 1, '11', 0),
('23', 0, '11', 0),
('21', 0, '11', 0),
('13', 0, '11', 0),
-- Ryhmä lastenleffat
('14', 1, '12', 0),
('16', 0, '12', 0),
('21', 0, '12', 0),
('2', 0, '12', 0),
-- Ryhmä Äksönittäret
('15', 1, '13', 0),
('22', 1, '13', 0),
('23', 0, '13', 0),
('10', 0, '13', 0),
('8', 0, '13', 0),
-- Ryhmä Hevosaiheiset elokuvat
('8', 1, '14', 0),
('7', 0, '14', 0),
('2', 0, '14', 0),
('16', 0, '14', 0),
('23', 0, '14', 0),
-- Ryhmä '15
('11', 1, '15', 0),
('10', 0, '15', 0),
('8', 0, '15', 0),
('18', 0, '15', 0),
('14', 0, '15', 0),
-- Kaikenkarvaiset koirat
('1', 1, '16', 0),
('2', 0, '16', 0),
('3', 0, '16', 0),
('4', 0, '16', 0),
('5', 0, '16', 0),
('6', 0, '16', 0),
('7', 1, '16', 0),
('8', 0, '16', 0),
('9', 0, '16', 0),
('10', 0, '16', 0),
('11', 0, '16', 0),
('12', 0, '16', 0),
('13', 1, '16', 0),
('14', 0, '16', 0),
('15', 0, '16', 0),
('16', 0, '16', 0),
('17', 0, '16', 0),
('18', 0, '16', 0),
('19', 0, '16', 0),
('20', 0, '16', 0),
('21', 0, '16', 0),
('22', 0, '16', 0),
('23', 0, '16', 0);

INSERT INTO Favoritelist_ (profileid, groupid, favoriteditem, showtime, "timestamp") VALUES
('1', '1', 'favorited_item_here', NULL, CURRENT_TIMESTAMP),
('2', '2', 'favorited_item_here', NULL, CURRENT_TIMESTAMP),
('3', '3', 'favorited_item_here', NULL, CURRENT_TIMESTAMP),
('4', '3', 'favorited_item_here', NULL, CURRENT_TIMESTAMP),
('5', '4', 'favorited_item_here', NULL, CURRENT_TIMESTAMP),
('6', '7', 'favorited_item_here', NULL, CURRENT_TIMESTAMP),
('7', '10', 'favorited_item_here', NULL, CURRENT_TIMESTAMP),
('8', '14', 'favorited_item_here', NULL, CURRENT_TIMESTAMP),
('9', '4', 'favorited_item_here', NULL, CURRENT_TIMESTAMP),
('10', '5', 'favorited_item_here', NULL, CURRENT_TIMESTAMP);

INSERT INTO Message_ (groupid, profileid, message, "timestamp") VALUES
('1', '1', 'Test message here', CURRENT_TIMESTAMP),
('2', '2', 'Test message here', CURRENT_TIMESTAMP),
('3', '3', 'Test message here', CURRENT_TIMESTAMP),
('4', '4', 'Test message here', CURRENT_TIMESTAMP),
('5', '5', 'Test message here', CURRENT_TIMESTAMP),
('6', '6', 'Test message here', CURRENT_TIMESTAMP),
('7', '7', 'Test message here', CURRENT_TIMESTAMP),
('8', '8', 'Test message here', CURRENT_TIMESTAMP),
('9', '9', 'Test message here', CURRENT_TIMESTAMP),
('10', '10', 'Test message here', CURRENT_TIMESTAMP),
('11', '11', 'Test message here', CURRENT_TIMESTAMP),
('12', '12', 'Test message here', CURRENT_TIMESTAMP),
('13', '13', 'Test message here', CURRENT_TIMESTAMP),
('14', '14', 'Test message here', CURRENT_TIMESTAMP),
('15', '15', 'Test message here', CURRENT_TIMESTAMP);

-- yksityinen tili käyttäjille 8-14
UPDATE Profile_
SET is_private = TRUE
WHERE profileid BETWEEN 8 AND 14;

INSERT INTO Review_ (profileid, revieweditem, review, rating, mediatype, "timestamp") VALUES
('1', '1011985', 'Hyvä elokuva!', 4, 0, CURRENT_TIMESTAMP),
('1', '373571', 'Hieno elokuva!', 5, 0, CURRENT_TIMESTAMP),
('2', '1011985', 'Oli ihan jees', 3, 0, CURRENT_TIMESTAMP),
('2', '373571', 'Suosittelen!', 5, 0, CURRENT_TIMESTAMP),
('3', '1022789', 'Aika tylsä', 2, 0, CURRENT_TIMESTAMP),
('3', '1022796', 'Ei paha', 3, 0, CURRENT_TIMESTAMP),
('4', '1022789', 'En tykännyt', 1, 0, CURRENT_TIMESTAMP),
('4', '1022796', 'Aika hyvä', 4, 0, CURRENT_TIMESTAMP),
('5', '76600', 'Todella hyvä!', 5, 0, CURRENT_TIMESTAMP),
('5', '695721', 'Vähän pettymys', 2, 0, CURRENT_TIMESTAMP),
('6', '76600', 'Jännittävä!', 4, 0, CURRENT_TIMESTAMP),
('6', '695721', 'Ei huono', 3, 0, CURRENT_TIMESTAMP),
('7', '1011985', 'Paras!', 5, 0, CURRENT_TIMESTAMP),
('7', '1022789', 'Melko huono', 2, 0, CURRENT_TIMESTAMP),
('8', '1011985', 'Loistava!', 5, 0, CURRENT_TIMESTAMP),
('8', '1022796', 'Suosittelen lämpimästi', 5, 0, CURRENT_TIMESTAMP),
('9', '373571', 'Aika tylsä', 2, 0, CURRENT_TIMESTAMP),
('9', '76600', 'Kiehtova', 4, 0, CURRENT_TIMESTAMP),
('10', '373571', 'Ei niin hyvä', 3, 0, CURRENT_TIMESTAMP),
('10', '695721', 'Ei huono', 3, 0, CURRENT_TIMESTAMP),
('11', '1022789', 'Aika tylsä', 2, 0, CURRENT_TIMESTAMP),
('11', '76600', 'Oli ihan kiva', 3, 0, CURRENT_TIMESTAMP),
('12', '1022789', 'Ei suositeltava', 2, 0, CURRENT_TIMESTAMP),
('12', '695721', 'Mielenkiintoinen', 4, 0, CURRENT_TIMESTAMP),
('13', '76600', 'Viihdyttävä', 4, 0, CURRENT_TIMESTAMP),
('13', '1011985', 'Hyvä!', 4, 0, CURRENT_TIMESTAMP),
('14', '76600', 'Mahtava!', 5, 0, CURRENT_TIMESTAMP),
('14', '373571', 'Aika hyvä', 4, 0, CURRENT_TIMESTAMP),
('15', '695721', 'Ei paha', 3, 0, CURRENT_TIMESTAMP),
('15', '1022796', 'Melko hyvä', 4, 0, CURRENT_TIMESTAMP),
('16', '695721', 'Ihan kiva', 3, 0, CURRENT_TIMESTAMP),
('16', '1011985', 'Loistava elokuva!', 5, 0, CURRENT_TIMESTAMP),
('17', '1011985', 'Hyvä elokuva!', 4, 0, CURRENT_TIMESTAMP),
('17', '373571', 'Hieno elokuva!', 5, 0, CURRENT_TIMESTAMP),
('18', '1022796', 'Aika tylsä', 2, 0, CURRENT_TIMESTAMP),
('18', '1022789', 'Ei paha', 3, 0, CURRENT_TIMESTAMP),
('19', '76600', 'Aika hyvä', 4, 0, CURRENT_TIMESTAMP),
('19', '695721', 'Mielenkiintoinen', 4, 0, CURRENT_TIMESTAMP),
('20', '1011985', 'Hieno elokuva!', 5, 0, CURRENT_TIMESTAMP),
('20', '76600', 'Loistava!', 5, 0, CURRENT_TIMESTAMP),
('21', '1022796', 'Oli ihan jees', 3, 0, CURRENT_TIMESTAMP),
('21', '695721', 'Suosittelen lämpimästi', 5, 0, CURRENT_TIMESTAMP),
('22', '1022789', 'Aika tylsä', 2, 0, CURRENT_TIMESTAMP),
('22', '1011985', 'Hyvä!', 4, 0, CURRENT_TIMESTAMP),
('23', '76600', 'Jännittävä!', 4, 0, CURRENT_TIMESTAMP),
('23', '373571', 'Paras!', 5, 0, CURRENT_TIMESTAMP),
('24', '1022796', 'Ei suositeltava', 2, 0, CURRENT_TIMESTAMP),
('24', '695721', 'Viihdyttävä', 4, 0, CURRENT_TIMESTAMP),
('21', '135397', 'Aiiiiivan ihania dinosia', 4, 0, CURRENT_TIMESTAMP),
('21', '507086', 'Tommosen ottais lemmikiksikin', 4, 0, CURRENT_TIMESTAMP),
('21', '1010581', 'Se on ihan huti', 1, 0, CURRENT_TIMESTAMP),
('21', '346698', 'Melko PINKKI leffa oli. :) Voi Ken ressua', 5, 0, CURRENT_TIMESTAMP),
('21', '395990', 'Mmmmmmm........ se on jotain niiin........ rrrrr', 4, 0, CURRENT_TIMESTAMP),
('21', '634649', 'Ei mulle, mut ehkä sulle?', 2, 0, CURRENT_TIMESTAMP),
('21', '1966', 'Hieno heppi <3', 3, 0, CURRENT_TIMESTAMP),
('1', '1408', 'Hyvä sarjimus', 4, 1, CURRENT_TIMESTAMP),
('2', '1408', 'Hyvä ', 5, 1, CURRENT_TIMESTAMP),
('3', '1408', 'EPIC!', 3, 1, CURRENT_TIMESTAMP),
('4', '1408', 'BOOM', 5, 1, CURRENT_TIMESTAMP),
('5', '1408', 'ihan ok!', 4, 1, CURRENT_TIMESTAMP);