-- This script was generated by the ERD tool in pgAdmin 4.
-- Please log an issue at https://github.com/pgadmin-org/pgadmin4/issues/new/choose if you find any bugs, including reproduction steps.

-- Skeema ja testidataa tauluille
-- laitoin nimiin _ että ei tule ongelmia varattujen sanojen kanssa (esim. Group)

DROP TABLE IF EXISTS Favoritelist_ CASCADE;
DROP TABLE IF EXISTS Group_ CASCADE;
DROP TABLE IF EXISTS Memberlist_ CASCADE;
DROP TABLE IF EXISTS Message_ CASCADE;
DROP TABLE IF EXISTS Profile_ CASCADE;
DROP TABLE IF EXISTS Review_ CASCADE;

CREATE TABLE IF NOT EXISTS Profile_
(
    profileid SERIAL PRIMARY KEY,
    profilename VARCHAR(255) UNIQUE NOT NULL,
    hashedpassword VARCHAR(255) NOT NULL,
    email VARCHAR(100) UNIQUE NOT NULL,
    profilepicurl text COLLATE pg_catalog."default",
    is_private BOOLEAN DEFAULT FALSE, 
    "timestamp" TIMESTAMP WITHOUT TIME ZONE DEFAULT CURRENT_TIMESTAMP,
    description text COLLATE pg_catalog."default"
);

CREATE TABLE IF NOT EXISTS Group_
(
    groupid SERIAL PRIMARY KEY,
    groupname VARCHAR(255) UNIQUE NOT NULL,
    groupexplanation text COLLATE pg_catalog."default",
    "timestamp" timestamp without time zone NOT NULL
);

-- mainuserissa 1 = ryhmän omistaja, 0 = jäsen
-- 0 = accepted, 1 = request sent to user , 2 = user tries to request join
CREATE TABLE IF NOT EXISTS Memberlist_
(
    memberlistid serial NOT NULL,
    profileid integer NOT NULL,
    mainuser integer NOT NULL DEFAULT 0,
    groupid integer NOT NULL,
    pending integer NOT NULL DEFAULT 0,
    FOREIGN KEY (profileid) REFERENCES Profile_(profileid),
    FOREIGN KEY (groupid) REFERENCES Group_(groupid)
);

CREATE TABLE IF NOT EXISTS Message_
(
    messageid serial NOT NULL,
    groupid integer NOT NULL,
    profileid integer NOT NULL,
    message text COLLATE pg_catalog."default" NOT NULL,
    "timestamp" timestamp without time zone NOT NULL,
    FOREIGN KEY (profileid) REFERENCES Profile_(profileid),
    FOREIGN KEY (groupid) REFERENCES Group_(groupid)
);

CREATE TABLE IF NOT EXISTS Favoritelist_
(
    idfavoritelist serial NOT NULL,
    profileid integer,
    groupid integer,
    favoriteditem text COLLATE pg_catalog."default" ,
    showtime text COLLATE pg_catalog."default",
    "timestamp" timestamp without time zone NOT NULL,
    CONSTRAINT "Favoritelist_pkey" PRIMARY KEY (idfavoritelist),
    FOREIGN KEY (profileid) REFERENCES Profile_(profileid),
    FOREIGN KEY (groupid) REFERENCES Group_(groupid)
);

CREATE TABLE IF NOT EXISTS Review_
(
    idreview serial NOT NULL,
    profileid integer NOT NULL,
    revieweditem text COLLATE pg_catalog."default",
    review text COLLATE pg_catalog."default",
    rating smallint NOT NULL,
    "timestamp" timestamp without time zone NOT NULL,
    FOREIGN KEY (profileid) REFERENCES Profile_(profileid)
);

ALTER TABLE IF EXISTS Favoritelist_
    ADD CONSTRAINT fk_groupid FOREIGN KEY (groupid)
    REFERENCES Group_ (groupid) MATCH SIMPLE
    ON UPDATE CASCADE
    ON DELETE CASCADE;

ALTER TABLE IF EXISTS Favoritelist_
    ADD CONSTRAINT fk_profileid FOREIGN KEY (profileid)
    REFERENCES Profile_ (profileid) MATCH SIMPLE
    ON UPDATE CASCADE
    ON DELETE CASCADE;

ALTER TABLE IF EXISTS Memberlist_
    ADD CONSTRAINT fk_groupid FOREIGN KEY (groupid)
    REFERENCES Group_ (groupid) MATCH SIMPLE
    ON UPDATE CASCADE
    ON DELETE CASCADE;

ALTER TABLE IF EXISTS Memberlist_
    ADD CONSTRAINT fk_profileid FOREIGN KEY (profileid)
    REFERENCES Profile_ (profileid) MATCH SIMPLE
    ON UPDATE CASCADE
    ON DELETE CASCADE;

ALTER TABLE IF EXISTS Message_
    ADD CONSTRAINT fk_groupid FOREIGN KEY (groupid)
    REFERENCES Group_ (groupid) MATCH SIMPLE
    ON UPDATE CASCADE
    ON DELETE CASCADE;

ALTER TABLE IF EXISTS Message_
    ADD CONSTRAINT fk_profileid FOREIGN KEY (profileid)
    REFERENCES Profile_ (profileid) MATCH SIMPLE
    ON UPDATE CASCADE
    ON DELETE CASCADE;

ALTER TABLE IF EXISTS Review_
    ADD CONSTRAINT fk_profileid FOREIGN KEY (profileid)
    REFERENCES Profile_ (profileid) MATCH SIMPLE
    ON UPDATE CASCADE
    ON DELETE CASCADE;

-- vipu, että käyttäjä saa profiilinsa yksityiseksi
ALTER TABLE Profile_
ADD COLUMN is_private BOOLEAN DEFAULT FALSE;

INSERT INTO Profile_ (profilename, hashedpassword, email, profilepicurl, "timestamp", description) VALUES
-- testikäyttäjät id 1-10
('Viilipytty', '$2b$10$Os132x/7gfQuEkIpTNvTG.XMrnQG/bOgj4AepLQ5u.wtgfEoTFpf.', 'viilipytty@example.com', 'https://i.postimg.cc/yYYqzpzp/profile1.jpg', CURRENT_TIMESTAMP, 'Oon elokuvaharrastaja ja rakastan erityisesti komediaelokuvia. Hymyilen aina hyville vitseille ja nauran äänekkäästi lempikohtauksilleni.'),
('Jankka', '$2b$10$ZarxfNZO1AYZp9VCg3Zjz.URJxUuZdcve5qd6A9QZQGWYRBln3rgm', 'jankka@example.com', 'https://i.postimg.cc/ZnbQ4nXv/profile10.jpg', CURRENT_TIMESTAMP, 'Mitähän tähän nyt kirjottais... no, oon kauhuelokuvien suurkuluttaja, joka ei säikähdä helpolla. Rakastan adrenaliinin kihinää ja jännitystä.'),
('komediaa82', '$2b$10$9KLQoLOOd9PVGamFgdVoa.CoUDfXClGvAe6CCIW6vhdKbJfBzg89i', 'komediaa82@example.com', 'https://i.postimg.cc/jd8pq6xx/profile2.jpg', CURRENT_TIMESTAMP, 'Moikka, olen komediaa82! Nimeni kertoo jo kaiken - rakastan komediaelokuvia ja nauran aina makeasti hyville vitseille.'),
('Eloton', '$2b$10$e8MfS6GQLuMWZnGyKowW7udiBNhys3/dH/YIgSbv3Z0MxggXBl9Lm', 'eloton@example.com', 'https://i.postimg.cc/zG64KJH4/profile3.jpg', CURRENT_TIMESTAMP, 'Tervehdys, olen Eloton! Draamaelokuvien ystävä, joka elää ja hengittää taide-elokuvia. Etsin aina syvällisiä tarinoita ja vangitsevia näyttelijäsuorituksia.'),
('vainse', '$2b$10$pYcfW1TE4lORryyRO6FJFOs8bF7m8ClPaXjDG/M/A4FsWVT917iDK', 'vainse@example.com', 'https://i.postimg.cc/nLmg16vr/profile4.jpg', CURRENT_TIMESTAMP, 'Täällä yksi elokuvaharrastaja, joka rakastaa löytää uusia helmiä valtavasta elokuvatarjonnasta. Olen aina valmis jakamaan suosikkileff'),
('jokaToka', '$2b$10$QGlrHI60xCT1JkERYAYQYuiEuQCJAuaY.w9DVxNo2L6dpHNR2Me4G', 'jokatoka@example.com', 'https://i.postimg.cc/MT843dDD/profile5.jpg', CURRENT_TIMESTAMP, 'Morjens, olen jokaToka! Katson vähän kaikenlaista ja arvostan monipuolisuutta elokuvissa. Olen avoin uusille elokuvakokemuksille ja yllätyksille!'),
('Mikk0', '$2b$10$b9MMw4wALTbPDKXbgZIuJedz.tBhB1AAxBO21UW8gmVn34uvUDOEa', 'mikk0@example.com', 'https://i.postimg.cc/3r169jDX/profile6.jpg', CURRENT_TIMESTAMP, 'Moro. Oon Mikko. Toimintaelokuvista tykkään. En voi vastustaa jännittäviä toimintakohtauksia. Seuraan aktiivisesti uusimpia elokuvauutisia ja trailereita.'),
('dramaqueen', '$2b$10$SlZvRPqkAbEEO99f0gyRXubu/CKlkQo12ayYMyenik1ekELUtCc3W', 'dramaqueen@example.com', 'https://i.postimg.cc/cCFbHZN9/profile7.jpg', CURRENT_TIMESTAMP, 'Mä rakastan elokuvien tunnelmallisuutta ja taidokasta näyttelijäntyötä. Nautin erityisesti draamaelokuvien syvällisistä tarinoista ja emotionaalisista kohtauksista.'),
('kauhistus', '$2b$10$XrLUGUbR77BVtDPVZ6cLIOsmvltN20QLnzQ5vm8cWQjSPviNrjJiG', 'kauhistus@example.com', 'https://i.postimg.cc/vBLKJf2d/profile8.jpg', CURRENT_TIMESTAMP, 'HUI! Kauhuelokuvien intohimoinen harrastaja, joka ei pelkää mennä pimeään. Rakastan jännitystä ja yllättäviä käänteitä!'),
('Jest4s', '$2b$10$IwMD52QfxJhT258LxwVNKeGGGDfix8oWApJt9Kd48DOGPhqbxi60K', 'jest4s@example.com', 'https://i.postimg.cc/526ZXHyw/profile9.jpg', CURRENT_TIMESTAMP, 'Tervehdys, kulkija. Elokuva-analyytikko ja elokuvakriitikko, joka nauttii elokuvien syvällisestä analysoinnista. Rakastan pureutua elokuvien teemoihin ja symboliikkaan.'),
('AaveMaria', '$2b$10$FC1jbhISaPnald7BczUTp.myptklA36L0ntNz4fdyedZprQ1X4aWq', 'aavemaria@example.com', 'https://i.postimg.cc/yYYqzpzp/profile1.jpg', CURRENT_TIMESTAMP, 'Moikka, olen AaveMaria! Mysteerien ja jännityselokuvien fani, joka rakastaa arvoituksellisia tarinoita ja yllättäviä juonenkäänteitä. Olen aina valmiina seikkailuun!'),
('siippa5', '$2b$10$is.bNU/5A4MdM9sZV/UdwO6qvMruQrfUbrkql371f9gmUs4TagBHa', 'siippa5@example.com', 'https://i.postimg.cc/ZnbQ4nXv/profile10.jpg', CURRENT_TIMESTAMP, 'Hei, olen siippa5! Seikkailujen ja fantasiaelokuvien ystävä, joka rakastaa lumoutua mielikuvituksellisista maailmoista. Etsin aina uusia elokuvaseikkailuja ja unohtumattomia tarinoita!'),
('Pastilli', '$2b$10$3bQI9aUHy9wx2qfulRDdRu94wo.m2RPcswnHNt126onZOwf3W.E3O', 'pastilli@example.com', 'https://i.postimg.cc/jd8pq6xx/profile2.jpg', CURRENT_TIMESTAMP, 'Whiiiiii!!! Visuaalisten elämysten ja tyylikkäiden elokuvien rakastaja. Nautin kauniista kuvista ja elokuvien visuaalisesta toteutuksesta.'),
('Huutista', '$2b$10$m1A0mr3RqW.FejzJskU9iuS2SiDqcXpRpX3Da08TleGxP4b3gui8e', 'huutista@example.com', 'https://i.postimg.cc/zG64KJH4/profile3.jpg', CURRENT_TIMESTAMP, 'Terve, olen Huutista! :D:D:D :) Elokuvafani, joka etsii jatkuvasti uusia elokuvaelämyksiä ja seuraa aktiivisesti elokuvamaailman tapahtumia. Rakastan elokuvien monimuotoisuutta ja erilaisia genrejä!'),
('salaakaton', '$2b$10$RoF/XQbHpoLG8cm00ll/kuF1SUiLl/Vq0mEBio14./T.CfaGrh.F2', 'salaakaton@example.com', 'https://i.postimg.cc/nLmg16vr/profile4.jpg', CURRENT_TIMESTAMP, 'Hei, olen salaakaton! Rakastan elokuvien tunnelmaa ja hienovaraista kerrontaa. Etsin aina elokuvia, jotka herättävät ajatuksia ja jättävät jäljen.'),
('Kan-Joni', '$2b$10$8KeS4n.O2CLpUurqsQMBa.wej5SaNcSVC8XE9hl8uQ0Rj1lZzhN2a', 'kanjoni@example.com', 'https://i.postimg.cc/MT843dDD/profile5.jpg', CURRENT_TIMESTAMP, 'Moikka, olen Kan-Joni! Kokenut elokuvafani, joka rakastaa klassisia elokuvia ja elokuvahistoriaa. Olen aina valmiina matkustamaan ajassa taaksepäin elokuvien maailmaan.'),
('poikamies', '$2b$10$MxjsY3EsB25IjGQJsUCpqOClHnsNISN1slbYkhc9zX0.JAhAMPxtO', 'poikamies@example.com', 'https://i.postimg.cc/3r169jDX/profile6.jpg', CURRENT_TIMESTAMP, 'Hei, olen poikamies! Ois kiva lyötää kultsikainaloon. Ja oon romanttisten komedioiden ja draamojen ystävä, joka uskoo rakkauden voimaan. Nautin elokuvista, jotka saavat sydämeni lämpenemään.'),
('Misu01', '$2b$10$NI8.6kt3rXWmTTkb4uNZA.98JFcPnXm.AeLyNgB17V7aNWT.2tTQO', 'misu01@example.com', 'https://i.postimg.cc/cCFbHZN9/profile7.jpg', CURRENT_TIMESTAMP, 'Tervehdys, olen Misu01! Tarinoiden ja henkilöhahmojen ystävä, joka arvostaa elokuvien vaikuttavia tarinoita ja syvällisiä merkityksiä. Etsin aina elokuvia, jotka herättävät tunteita ja ajatuksia.'),
('MrMovie', '$2b$10$5o7E9zEk00RGHhcH8BLFyOYHyINiojV7VKgozjphqGg2ENQBXkqtm', 'mrmovie@example.com', 'https://i.postimg.cc/vBLKJf2d/profile8.jpg', CURRENT_TIMESTAMP, 'Terve, olen MrMovie! Leffafriikki ja elokuvien suurkuluttaja, joka rakastaa elokuvien maailmaa. Olen aina valmis keskustelemaan lempileffoista ja jakamaan elokuvavinkkejä.'),
('ElokuvaEnkeli', '$2b$10$Db3XX.QsnU2FfV0cIi.XUeR.klmiCMfPCgXrjM/xFPy0JVD3aLXc2', 'elokuvaenkeli@example.com', 'https://i.postimg.cc/526ZXHyw/profile9.jpg', CURRENT_TIMESTAMP, 'Moi! Olen ElokuvaEnkeli, joka rakastaa elokuvien maailmaa ja taiteellisia elokuvia. Etsin aina uusia elokuvia, jotka koskettavat sydäntä ja sielua.'),
('KameraKaveri', '$2b$10$YbLms1Z/w/5xkVB4dr1DZOizwBIZT0S3yDZSHsv.1buQ.MZb8cZBK', 'kamerakaveri@example.com', 'https://i.postimg.cc/yYYqzpzp/profile1.jpg', CURRENT_TIMESTAMP, 'Tervehdys, olen KameraKaveri! Valokuvauksen ja elokuvien ystävä, joka nauttii visuaalisesta taiteesta ja kuvakerronnasta. Rakastan elokuvia, jotka ovat kuin visuaalisia taideteoksia.'),
('elokuvafani', '$2b$10$zZy1NG/U96n8OL2PddN9V.4NKIuudrrT3S13.vv.bEjWlXhQPuhSi', 'elokuvafani@example.com', 'https://i.postimg.cc/ZnbQ4nXv/profile10.jpg', CURRENT_TIMESTAMP, 'Hei, olen elokuvafani! Rakastan elokuvien monimuotoisuutta ja eri genrejä. Etsin aina uusia elokuvia, jotka tarjoavat unohtumattomia elämyksiä ja vaikuttavia tarinoita.'),
('Kamutari', '$2b$10$lv21Fv3av2qpgGfn92J3Q.B6aV5QFm9SUHq8fI0WgCR/f7TVeKbP6', 'kamutari@example.com', 'https://i.postimg.cc/jd8pq6xx/profile2.jpg', CURRENT_TIMESTAMP, 'Moro, olen Kamutari! Elokuvaharrastaja, joka rakastaa elokuvien katsomista ystävien kanssa. Olen aina valmis leffailtaan hyvän seuran ja herkkujen kera.'),
('Filmifriikki', '$2b$10$o/Sa6r3Xcno6OMs2Xabk6uGBuqK4ERJRnMM1O.w2n9VdQuF2K2A5G', 'filmifriikki@example.com', 'https://i.postimg.cc/zG64KJH4/profile3.jpg', CURRENT_TIMESTAMP, 'Tervehdys, olen Filmifriikki! Elokuvanörtti ja leffahullu, joka rakastaa elokuvien maailmaa ja seuraa aktiivisesti elokuvamaailman tapahtumia. Olen aina valmis leffaseuraan ja keskustelemaan lempileffoista!'),
('ElokuvaAddikti', '$2b$10$VcZxej6IUeVX3G/dFl/qUOc3hXzT4a2Tqw/XqjtbQxJAS5eCmuDLC', 'elokuvaaddikti@example.com', 'https://i.postimg.cc/nLmg16vr/profile4.jpg', CURRENT_TIMESTAMP, 'Moi! Olen ElokuvaAddikti, joka rakastaa elokuvien maailmaa ja elokuvien katsomista. Olen aina valmis jakamaan leffavinkkejä ja keskustelemaan uusista leffatrendeistä.'),
('Leffakeiju', '$2b$10$WkC/gWyK0n9JStqNeI1YZeTQQPL0/08ABmhaevdDh.98iFZB7IyDu', 'leffakeiju@example.com', 'https://i.postimg.cc/MT843dDD/profile5.jpg', CURRENT_TIMESTAMP, 'Moikka! Olen Leffakeiju, joka rakastaa elokuvien maailmaa ja seuraa aktiivisesti elokuvamaailman tapahtumia. Olen aina valmis leffailtaan ja keskustelemaan lempileffoista!'),
('ElokuvaGuru', '$2b$10$3Q0dAWZV0sDhXyCZ0fvvheN4Xik6LQCG0vpi.b6EwGyB50hJ8Vn0.', 'elokuvaguru@example.com', 'https://i.postimg.cc/3r169jDX/profile6.jpg', CURRENT_TIMESTAMP, 'Terve, olen ElokuvaGuru! Leffafriikki ja elokuvien suurkuluttaja, joka rakastaa elokuvien maailmaa. Olen aina valmis jakamaan leffavinkkejä ja keskustelemaan uusimmista elokuvista.'),
('LeffaLintu', '$2b$10$rO5j0WhsTZQ0UEvz6pHVd.M7DtK1lJDFaF/sO1d6OYR9LlSZTkL/u', 'leffalintu@example.com', 'https://i.postimg.cc/cCFbHZN9/profile7.jpg', CURRENT_TIMESTAMP, 'Hei, olen LeffaLintu! Elokuvien ystävä, joka rakastaa elokuvien katsomista ja seuraa aktiivisesti elokuvamaailman tapahtumia. Olen aina valmis jakamaan leffavinkkejä ja keskustelemaan uusimmista elokuvista.'),

-- testikäyttäjät id 1-10
-------------------------------------
-- Viilipytty hashaamaton salasana: oivamato
-- Jankka hashaamaton salasana: 8D94gvds0
-- komediaa82 hashaamaton salasana: aaidemok
-- Eloton hashaamaton salasana: sana5532
-- vainse hashaamaton salasana: rekku6
-- jokaToka hashaamaton salasana: lomakuume#1
-- Mikk0 hashaamaton salasana: VIEROSKAT
-- dramaqueen hashaamaton salasana: unohdettu1010
-- kauhistus hashaamaton salasana: kauhuleffoja38
-- Jest4s hashaamaton salasana: )3nvds98ETF
-- testikäyttäjät id 11-20
-------------------------------------
-- AaveMaria hashaamaton salasana: #mvvdisCORD
-- siippa5 hashaamaton salasana: siipaton000
-- Pastilli hashaamaton salasana: jukujes%
-- Huutista hashaamaton salasana: xDXDxdXD94
-- salaakaato hashaamaton salasana: tuskaa4=
-- Kan-Joni hashaamaton salasana: helppo
-- poikamies hashaamaton salasana: vielkinEhtis
-- Misu01 hashaamaton salasana: 987654321
-- maitotee hashaamaton salasana: EnJuoKahvia
-- lipettiin hashaamaton salasana: somaprinsessa666
-- testikäyttäjät id 21 - 24
-------------------------------------
-- Jenna hashaamaton salasana: annejjenna
-- Siilinpieru hashaamaton salasana: hedgehog
-- PaijaanSUA hashaamaton salasana: byebye??0
-- UUUseri hashaamaton salasana: 123456

INSERT INTO Group_ (groupname, groupexplanation, "timestamp") VALUES
-- id 1-5
('Ryhmärämä', 'kuvaus', CURRENT_TIMESTAMP),
('komediahullut', 'kuvaus', CURRENT_TIMESTAMP),
('tosimiesklubi', 'kuvaus', CURRENT_TIMESTAMP),
('Stadinrinki', 'kuvaus', CURRENT_TIMESTAMP),
('SOTA-leffat', 'kuvaus', CURRENT_TIMESTAMP),
-- id 6-10
('Draamailijat', 'kuvaus', CURRENT_TIMESTAMP),
('kauhalla kauhuu', 'kuvaus', CURRENT_TIMESTAMP),
('Tampereen seudun leffailijat', 'kuvaus', CURRENT_TIMESTAMP),
('Leffatiistai', 'kuvaus', CURRENT_TIMESTAMP),
('Vain-sarjoja', 'kuvaus', CURRENT_TIMESTAMP),
-- id 11-15
('Suomalaista filmii', 'kuvaus', CURRENT_TIMESTAMP),
('lastenleffat', 'kuvaus', CURRENT_TIMESTAMP),
('Äksönittäret', 'kuvaus', CURRENT_TIMESTAMP),
('Hevosaiheiset elokuvat', 'kuvaus', CURRENT_TIMESTAMP),
('Oulun oikeamieliset', 'kuvaus', CURRENT_TIMESTAMP),
-- id 16
('Kaikenkarvaiset koirat', 'tässä leffaryhmä koirien ystäville. Kaikki koirafilmit sallittuja ja erittäin toivottuja!', CURRENT_TIMESTAMP);

INSERT INTO Memberlist_ (profileid, mainuser, groupid, pending) VALUES
-- Ryhmä Ryhmärämä
('1', 1, '1', 0),
('2', 0, '1', 0),
('3', 0, '1', 0),
('21', 0, '1', 0),
('22', 0, '1', 0),
('23', 0, '1', 0),
-- Ryhmä komediahullut
('4', 1, '2', 0),
('18', 0, '2', 0),
('3', 0, '2', 0),
('17', 0, '2', 0),
('20', 0, '2', 0),
-- Ryhmä tosimiesklubi
('5', 1, '3', 0),
('6', 0, '3', 0),
('11', 0, '3', 0),
('12', 0, '3', 0),
('13', 0, '3', 0),
-- Ryhmä Stadinrinki
('9', 1, '4', 0),
('7', 0, '4', 0),
('2', 0, '4', 0),
('8', 0, '4', 0),
('4', 0, '4', 0),
-- Ryhmä SOTA-leffat
('10', 1, '5', 0),
('15', 1, '5', 0),
('12', 0, '5', 0),
('16', 0, '5', 0),
('5', 0, '5', 0),
-- Ryhmä Draamailijat
('10', 1, '6', 0),
('21', 0, '6', 0),
('3', 0, '6', 0),
-- Ryhmä kauhalla kauhuu
('9', 1, '7', 0),
('14', 0, '7', 0),
('16', 0, '7', 0),
('12', 0, '7', 0),
('21', 0, '7', 0),
-- Ryhmä Tampereen seudun leffailijat
('12', 0, '8', 0),
('23', 1, '8', 0),
('2', 0, '8', 0),
('8', 0, '8', 0),
('7', 0, '8', 0),
-- Ryhmä Leffatiistai
('13', 0, '9', 0),
('10', 1, '9', 0),
('12', 0, '9', 0),
('23', 0, '9', 0),
-- Ryhmä Vain-sarjoja
('7', 1, '10', 0),
('2', 0, '10', 0),
('15', 0, '10', 0),
('10', 0, '10', 0),
-- Ryhmä Suomalaista filmii
('16', 0, '11', 0),
('18', 1, '11', 0),
('23', 0, '11', 0),
('21', 0, '11', 0),
('13', 0, '11', 0),
-- Ryhmä lastenleffat
('14', 1, '12', 0),
('16', 0, '12', 0),
('21', 0, '12', 0),
('2', 0, '12', 0),
-- Ryhmä Äksönittäret
('15', 1, '13', 0),
('22', 1, '13', 0),
('23', 0, '13', 0),
('10', 0, '13', 0),
('8', 0, '13', 0),
-- Ryhmä Hevosaiheiset elokuvat
('8', 1, '14', 0),
('7', 0, '14', 0),
('2', 0, '14', 0),
('16', 0, '14', 0),
('23', 0, '14', 0),
-- Ryhmä '15
('11', 1, '15', 0),
('10', 0, '15', 0),
('8', 0, '15', 0),
('18', 0, '15', 0),
('14', 0, '15', 0);
-- Kaikenkarvaiset koirat
('1', 1, '16', 0),
('2', 0, '16', 0),
('3', 0, '16', 0),
('4', 0, '16', 0),
('5', 0, '16', 0),
('6', 0, '16', 0),
('7', 1, '16', 0),
('8', 0, '16', 0),
('9', 0, '16', 0),
('10', 0, '16', 0),
('11', 0, '16', 0),
('12', 0, '16', 0),
('13', 1, '16', 0),
('14', 0, '16', 0),
('15', 0, '16', 0),
('16', 0, '16', 0),
('17', 0, '16', 0),
('17', 0, '16', 0),
('18', 0, '16', 0),
('19', 0, '16', 0),
('20', 0, '16', 0),
('21', 0, '16', 0),
('22', 0, '16', 0),
('23', 0, '16', 0);

INSERT INTO Favoritelist_ (profileid, groupid, favoriteditem, showtime, "timestamp") VALUES
('1', '1', 'favorited_item_here', NULL, CURRENT_TIMESTAMP),
('2', '2', 'favorited_item_here', NULL, CURRENT_TIMESTAMP),
('3', '3', 'favorited_item_here', NULL, CURRENT_TIMESTAMP),
('4', '3', 'favorited_item_here', NULL, CURRENT_TIMESTAMP),
('5', '4', 'favorited_item_here', NULL, CURRENT_TIMESTAMP),
('6', '7', 'favorited_item_here', NULL, CURRENT_TIMESTAMP),
('7', '10', 'favorited_item_here', NULL, CURRENT_TIMESTAMP),
('8', '14', 'favorited_item_here', NULL, CURRENT_TIMESTAMP),
('9', '4', 'favorited_item_here', NULL, CURRENT_TIMESTAMP),
('10', '5', 'favorited_item_here', NULL, CURRENT_TIMESTAMP);

INSERT INTO Message_ (groupid, profileid, message, "timestamp") VALUES
('1', '1', 'Test message here', CURRENT_TIMESTAMP),
('2', '2', 'Test message here', CURRENT_TIMESTAMP),
('3', '3', 'Test message here', CURRENT_TIMESTAMP),
('4', '4', 'Test message here', CURRENT_TIMESTAMP),
('5', '5', 'Test message here', CURRENT_TIMESTAMP),
('6', '6', 'Test message here', CURRENT_TIMESTAMP),
('7', '7', 'Test message here', CURRENT_TIMESTAMP),
('8', '8', 'Test message here', CURRENT_TIMESTAMP),
('9', '9', 'Test message here', CURRENT_TIMESTAMP),
('10', '10', 'Test message here', CURRENT_TIMESTAMP),
('11', '11', 'Test message here', CURRENT_TIMESTAMP),
('12', '12', 'Test message here', CURRENT_TIMESTAMP),
('13', '13', 'Test message here', CURRENT_TIMESTAMP),
('14', '14', 'Test message here', CURRENT_TIMESTAMP),
('15', '15', 'Test message here', CURRENT_TIMESTAMP);

INSERT INTO Review_ (profileid, revieweditem, review, rating, "timestamp") VALUES
('1', '1011985', 'Hyvä elokuva!', 4, CURRENT_TIMESTAMP),
('1', '373571', 'Hieno elokuva!', 5, CURRENT_TIMESTAMP),
('2', '1011985', 'Oli ihan jees', 3, CURRENT_TIMESTAMP),
('2', '373571', 'Suosittelen!', 5, CURRENT_TIMESTAMP),
('3', '1022789', 'Aika tylsä', 2, CURRENT_TIMESTAMP),
('3', '1022796', 'Ei paha', 3, CURRENT_TIMESTAMP),
('4', '1022789', 'En tykännyt', 1, CURRENT_TIMESTAMP),
('4', '1022796', 'Aika hyvä', 4, CURRENT_TIMESTAMP),
('5', '76600', 'Todella hyvä!', 5, CURRENT_TIMESTAMP),
('5', '695721', 'Vähän pettymys', 2, CURRENT_TIMESTAMP),
('6', '76600', 'Jännittävä!', 4, CURRENT_TIMESTAMP),
('6', '695721', 'Ei huono', 3, CURRENT_TIMESTAMP),
('7', '1011985', 'Paras!', 5, CURRENT_TIMESTAMP),
('7', '1022789', 'Melko huono', 2, CURRENT_TIMESTAMP),
('8', '1011985', 'Loistava!', 5, CURRENT_TIMESTAMP),
('8', '1022796', 'Suosittelen lämpimästi', 5, CURRENT_TIMESTAMP),
('9', '373571', 'Aika tylsä', 2, CURRENT_TIMESTAMP),
('9', '76600', 'Kiehtova', 4, CURRENT_TIMESTAMP),
('10', '373571', 'Ei niin hyvä', 3, CURRENT_TIMESTAMP),
('10', '695721', 'Ei huono', 3, CURRENT_TIMESTAMP),
('11', '1022789', 'Aika tylsä', 2, CURRENT_TIMESTAMP),
('11', '76600', 'Oli ihan kiva', 3, CURRENT_TIMESTAMP),
('12', '1022789', 'Ei suositeltava', 2, CURRENT_TIMESTAMP),
('12', '695721', 'Mielenkiintoinen', 4, CURRENT_TIMESTAMP),
('13', '76600', 'Viihdyttävä', 4, CURRENT_TIMESTAMP),
('13', '1011985', 'Hyvä!', 4, CURRENT_TIMESTAMP),
('14', '76600', 'Mahtava!', 5, CURRENT_TIMESTAMP),
('14', '373571', 'Aika hyvä', 4, CURRENT_TIMESTAMP),
('15', '695721', 'Ei paha', 3, CURRENT_TIMESTAMP),
('15', '1022796', 'Melko hyvä', 4, CURRENT_TIMESTAMP),
('16', '695721', 'Ihan kiva', 3, CURRENT_TIMESTAMP),
('16', '1011985', 'Loistava elokuva!', 5, CURRENT_TIMESTAMP),
('17', '1011985', 'Hyvä elokuva!', 4, CURRENT_TIMESTAMP),
('17', '373571', 'Hieno elokuva!', 5, CURRENT_TIMESTAMP),
('18', '1022796', 'Aika tylsä', 2, CURRENT_TIMESTAMP),
('18', '1022789', 'Ei paha', 3, CURRENT_TIMESTAMP),
('19', '76600', 'Aika hyvä', 4, CURRENT_TIMESTAMP),
('19', '695721', 'Mielenkiintoinen', 4, CURRENT_TIMESTAMP),
('20', '1011985', 'Hieno elokuva!', 5, CURRENT_TIMESTAMP),
('20', '76600', 'Loistava!', 5, CURRENT_TIMESTAMP),
('21', '1022796', 'Oli ihan jees', 3, CURRENT_TIMESTAMP),
('21', '695721', 'Suosittelen lämpimästi', 5, CURRENT_TIMESTAMP),
('22', '1022789', 'Aika tylsä', 2, CURRENT_TIMESTAMP),
('22', '1011985', 'Hyvä!', 4, CURRENT_TIMESTAMP),
('23', '76600', 'Jännittävä!', 4, CURRENT_TIMESTAMP),
('23', '373571', 'Paras!', 5, CURRENT_TIMESTAMP),
('24', '1022796', 'Ei suositeltava', 2, CURRENT_TIMESTAMP),
('24', '695721', 'Viihdyttävä', 4, CURRENT_TIMESTAMP);

-- yksityinen tili käyttäjille 8-14
UPDATE Profile_
SET is_private = TRUE
WHERE profileid BETWEEN 8 AND 14;

